<?xml version="1.0" encoding="UTF-8"?>
<project-private xmlns="http://www.netbeans.org/ns/project-private/1">
    <editor-bookmarks xmlns="http://www.netbeans.org/ns/editor-bookmarks/2" lastBookmarkId="0"/>
    <open-files xmlns="http://www.netbeans.org/ns/projectui-open-files/2">
        <group>
            <file>file:/C:/Users/Spenser/Desktop/FoodFrenzy/src/com/game/src/main/classes/EntityC.java</file>
            <file>file:/C:/Users/Spenser/Desktop/FoodFrenzy/src/com/game/src/main/BufferedImageLoader.java</file>
            <file>file:/C:/Users/Spenser/Desktop/FoodFrenzy/src/com/game/src/main/GameObject.java</file>
            <file>file:/C:/Users/Spenser/Desktop/FoodFrenzy/src/com/game/src/main/Controller.java</file>
            <file>file:/C:/Users/Spenser/Desktop/FoodFrenzy/src/com/game/src/main/Bullet.java</file>
            <file>file:/C:/Users/Spenser/Desktop/FoodFrenzy/src/com/game/src/main/Player.java</file>
            <file>file:/C:/Users/Spenser/Desktop/FoodFrenzy/src/com/game/src/main/Donut.java</file>
            <file>file:/C:/Users/Spenser/Desktop/FoodFrenzy/src/com/game/src/main/Textures.java</file>
            <file>file:/C:/Users/Spenser/Desktop/FoodFrenzy/src/com/game/src/main/MouseInput.java</file>
            <file>file:/C:/Users/Spenser/Desktop/FoodFrenzy/src/com/game/src/main/Help.java</file>
            <file>file:/C:/Users/Spenser/Desktop/FoodFrenzy/src/com/game/src/main/Banana.java</file>
            <file>file:/C:/Users/Spenser/Desktop/FoodFrenzy/src/com/game/src/main/Physics.java</file>
            <file>file:/C:/Users/Spenser/Desktop/FoodFrenzy/src/com/game/src/main/Enemy.java</file>
            <file>file:/C:/Users/Spenser/Desktop/FoodFrenzy/src/com/game/src/main/classes/EntityA.java</file>
            <file>file:/C:/Users/Spenser/Desktop/FoodFrenzy/src/com/game/src/main/Chicken.java</file>
            <file>file:/C:/Users/Spenser/Desktop/FoodFrenzy/src/com/game/src/main/Game.java</file>
            <file>file:/C:/Users/Spenser/Desktop/FoodFrenzy/src/com/game/src/main/Menu.java</file>
            <file>file:/C:/Users/Spenser/Desktop/FoodFrenzy/src/com/game/src/main/classes/EntityB.java</file>
            <file>file:/C:/Users/Spenser/Desktop/FoodFrenzy/src/com/game/src/main/SpriteSheet.java</file>
            <file>file:/C:/Users/Spenser/Desktop/FoodFrenzy/src/com/game/src/main/KeyInput.java</file>
        </group>
    </open-files>
</project-private>
