<?xml version="1.0" encoding="UTF-8"?>
<project-private xmlns="http://www.netbeans.org/ns/project-private/1">
    <editor-bookmarks xmlns="http://www.netbeans.org/ns/editor-bookmarks/2" lastBookmarkId="0"/>
    <open-files xmlns="http://www.netbeans.org/ns/projectui-open-files/2">
        <group>
            <file>file:/C:/Users/Havoc%20Mist/Desktop/FoodFrenzy/src/com/game/src/main/Menu.java</file>
            <file>file:/C:/Users/Havoc%20Mist/Desktop/FoodFrenzy/src/com/game/src/main/Help.java</file>
            <file>file:/C:/Users/Havoc%20Mist/Desktop/FoodFrenzy/src/com/game/src/main/Game.java</file>
            <file>file:/C:/Users/Havoc%20Mist/Desktop/FoodFrenzy/src/com/game/src/main/MouseInput.java</file>
        </group>
    </open-files>
</project-private>
